2898,Crazy Beautiful You,9489,50,0014,2022-12-29,1,unavailable
0704,Aelita: The Queen of Mars (Aelita),2924,72,1613,2022-11-28,2,available
7685,Weekend at Bernie's II,2151,77,7165,2023-01-09,8,out of stock
9374,These Amazing Shadows,6049,19,7769,2023-06-27,1,in stock
7484,Sparrows Dance,6569,44,8421,2023-09-27,7,unavailable
6229,"Human Behavior Experiments, The",2080,29,1842,2023-01-02,0,in stock
3984,"Glass Key, The",9369,65,3693,2022-10-22,2,in stock
7824,"Groundstar Conspiracy",5799,98,9624,2023-06-19,0,in stock
1537,Alien Nation: Dark Horizon,2916,29,0299,2023-04-06,9,out of stock
5450,Must Love Dogs,1444,70,6272,2022-10-07,9,unavailable
2082,Bonnie Scotland (Heroes of the Regiment),2631,50,1770,2023-06-29,8,available
1689,May in the Summer,0853,53,4406,2023-01-24,7,out of stock
9888,Legends of Oz: Dorothy's Return,6621,08,2091,2023-08-02,8,unavailable
2405,Crossworlds,5924,46,5269,2023-05-27,3,available
6149,Blade: Trinity,1635,03,2217,2023-01-20,4,unavailable
5970,Miracle,7065,09,6025,2022-10-14,2,available
8877,Vizontele,8402,46,9854,2023-09-27,3,unavailable
1059,Men Cry Bullets,4895,30,3482,2023-03-26,7,out of stock
3123,Ernest Scared Stupid,6832,09,3987,2022-10-06,8,in stock
6638,Effi Briest (Fontane - Effi Briest),1286,84,5392,2023-01-05,6,in stock
3886,"Discreet Charm of the Bourgeoisie, The (Charme discret de la bourgeoisie, Le)",7115,41,0584,2022-12-31,5,available
3846,Dead Fish,7971,94,4266,2023-04-23,6,unavailable
1566,Doomsday Book,6347,26,5211,2023-08-28,9,out of stock
4778,Norma Rae,0941,58,0521,2023-03-02,7,out of stock
3365,"Magic Christian, The",9668,35,6180,2023-06-20,9,in stock
7422,Bandidas,8304,66,2226,2023-06-09,6,available
2985,Christmas Evil (a.k.a. You Better Watch Out),1520,13,7922,2022-10-26,7,available
6598,"House with Laughing Windows, The (Casa dalle finestre che ridono, La)",8728,72,9321,2023-01-31,3,available
7657,Unbroken,4766,51,2629,2023-03-31,3,in stock
6575,"Five People You Meet in Heaven, The",0225,39,9126,2023-02-12,1,available
1829,Bel Ami,5154,34,6589,2022-10-25,1,out of stock
2355,Beyond Therapy,0595,84,7408,2023-08-09,1,available
8664,Latin Music USA,4630,47,0776,2023-02-27,9,available
1441,"Romulus, My Father",0822,77,8471,2023-09-22,5,in stock
7330,"Silences of the Palace, The (Saimt el Qusur)",0404,57,1193,2022-12-25,0,out of stock
0423,"Late Great Planet Earth, The",4029,47,8032,2023-02-23,0,in stock
8128,Finder's Fee,5213,82,2564,2023-08-02,9,available
8867,Bad Guy (Nabbeun namja),0765,54,7151,2023-04-23,0,in stock
1123,100 Years of Evil,8067,61,4628,2023-01-18,5,in stock
5849,"Woman's Secret, A",1588,63,0407,2023-07-26,0,out of stock
3512,"Moment of Innocence, A (Nun va Goldoon)",3346,20,1675,2023-08-12,3,available
1644,Alone for Christmas,3835,47,0538,2023-03-28,1,in stock
4538,Pay It Forward,2210,83,4015,2023-04-14,4,available
8910,Ollin oppivuodet,4013,82,9833,2022-11-01,4,unavailable
2834,Splendor in the Grass,2239,62,8513,2023-07-10,1,in stock
0217,Tokyo Joe,1871,95,7097,2023-07-29,6,out of stock
8387,One of Our Dinosaurs Is Missing,4610,08,5094,2023-06-13,0,available
6297,Maid in Sweden,4454,43,2446,2023-03-24,8,out of stock
1511,Santa Claus Has Blue Eyes (Le père Noël a les yeux bleus),9578,12,4850,2023-04-27,3,out of stock
6428,"Corbeau, Le (Raven, The)",1740,81,7604,2023-02-15,5,in stock
4135,LennoNYC,5220,20,1756,2022-11-29,5,available
1894,Rolling,8136,36,0091,2023-01-22,2,available
9129,"Prodigal Son, The (Bai ga jai)",0184,43,1741,2023-09-14,0,available
5398,Alvarez Kelly,8743,25,1242,2022-12-05,5,available
9050,"Family Tree, The",8733,43,4609,2023-07-15,3,out of stock
0894,Resistance,1798,94,6808,2023-02-10,8,out of stock
4840,Bernie,3054,60,2470,2022-12-24,2,unavailable
8564,"Lost World, The",8633,03,2746,2023-07-14,6,unavailable
6921,Tank Girl,4934,03,3206,2023-06-01,9,available
2262,Frozen,2513,71,7915,2023-08-03,9,in stock
6748,Justice League: The Flashpoint Paradox,1372,44,4989,2023-01-21,4,in stock
6282,"Key, The",8847,16,6153,2023-08-15,8,available
3780,Jude,3674,16,6703,2023-09-12,9,out of stock
0117,"Hitch Hikers Guide to the Galaxy, The",8406,52,2494,2023-04-30,3,available
7261,Trojan Eddie,8083,12,0531,2023-02-04,4,unavailable
8270,Porgy and Bess,7018,47,0021,2023-04-11,4,available
2633,"Candidate, The",0610,86,5032,2023-08-09,4,unavailable
2974,Cet amour-là,0205,64,6164,2023-08-17,3,unavailable
9522,Phantom of the Paradise,7385,80,9813,2022-12-17,2,in stock
6059,"Firm, The",9117,93,8070,2023-06-22,9,out of stock
4043,Retroactive,2317,54,5668,2023-09-21,3,available
7854,"Comebacks, The",6201,75,2561,2023-07-22,2,out of stock
6005,Maid in Manhattan,4939,45,1767,2023-05-16,8,in stock
1860,"Bottom of the Sea, The (El fondo del mar)",9861,02,0088,2022-12-04,6,unavailable
4042,Gimme Shelter,1812,34,5882,2023-01-22,6,out of stock
4110,Paradise Lost: The Child Murders at Robin Hood Hills,3041,32,1081,2023-04-29,4,out of stock
3702,Foreign Letters,6858,90,3785,2023-05-12,6,unavailable
3960,Scenes From a Marriage (Scener ur ett äktenskap),3158,99,1624,2023-06-17,3,out of stock
2379,Walkabout,0378,30,6861,2023-03-31,0,unavailable
5524,The Harmony Game,6914,82,9709,2023-06-10,7,available
0153,"Unidentified Flying Oddball (a.k.a. Spaceman and King Arthur, The) (a.k.a. Spaceman in King Arthur's Court, A)",3417,07,3265,2023-08-16,0,in stock
5129,Away We Go,8035,69,6037,2023-06-18,0,available
7682,On Earth as It Is in Heaven (Así en el cielo como en la tierra),6760,07,8006,2023-02-25,3,out of stock
6415,Stardust Memories,1200,33,0517,2023-03-28,8,unavailable
3692,Chinese Take-Out (Chinese Take-Away) (Un cuento chino),6584,85,1435,2022-10-06,0,available
4462,"Mother's Courage: Talking Back to Autism, A",9666,40,2412,2023-07-07,3,out of stock
6033,"Deux mondes, Les",0314,64,4477,2022-11-02,0,out of stock
2682,PCU,4274,75,3261,2023-03-20,9,in stock
4759,Carol Channing: Larger Than Life,5571,97,5229,2023-01-18,5,unavailable
1402,"Good Night to Die, A",1924,83,5878,2023-09-06,8,available
4592,Cadillac Records,0978,18,2261,2022-12-09,1,out of stock
0593,"Loss of Sexual Innocence, The",3636,27,1070,2022-10-16,7,unavailable
2240,Aningaaq,8655,04,3789,2023-01-07,8,out of stock
8994,Blade on the Feather (Deep Cover),1466,06,6538,2023-04-19,9,available
6995,Fitzcarraldo,9056,05,1239,2023-01-24,3,in stock
7968,Come Live with Me,7454,15,7625,2023-05-08,3,in stock
3365,Dr. Crippen,7256,84,7949,2022-12-16,1,unavailable
0877,"Fighting Temptations, The",7629,84,6019,2023-05-10,3,available
6671,Commandments,9810,51,3290,2023-07-05,5,available
0365,Dr. Otto and the Riddle of the Gloom Beam,2243,35,5741,2023-07-20,4,in stock
6589,Jesse Stone: Night Passage,2688,51,6946,2023-04-22,5,available
2034,"A-Team, The",4006,76,8166,2023-08-05,3,available
8438,Chicken Run,2723,91,1657,2023-04-09,1,out of stock
7088,Love and Sex under Nazi Occupation (Amour et sexe sous l'occupation) ,7209,85,6153,2023-09-30,2,out of stock
7782,Girl Crazy,4687,82,2505,2023-04-06,9,unavailable
2733,Speed,5799,55,5502,2022-11-22,1,available
2589,Elsewhere,3602,52,7105,2022-10-25,3,out of stock
2499,Nightbreed,6589,54,2851,2022-11-20,9,available
6631,"Boxtrolls, The",6105,74,4257,2023-06-13,8,out of stock
6558,First Monday in October,2417,97,2551,2023-08-23,4,available
6584,Three Men and a Cradle (3 hommes et un couffin),0120,31,1264,2022-12-25,5,out of stock
3091,Manslaughter,0936,51,2289,2023-09-03,3,available
0054,Unstoppable,1131,93,8318,2023-08-26,4,unavailable
2326,"Twice Upon a Yesterday (a.k.a. Man with Rain in His Shoes, The)",0390,41,1546,2023-06-23,0,available
9423,Blood on the Sun,8364,81,3091,2022-12-17,0,out of stock
0471,Ghost in the Shell 2: Innocence (a.k.a. Innocence) (Inosensu),5892,32,5843,2023-06-03,5,out of stock
1207,Wild River,9009,97,3049,2022-11-25,2,in stock
3677,Local Color,0090,34,2088,2022-10-27,1,out of stock
4136,Crippled Masters (Tian can di que),0817,14,3228,2023-06-02,4,out of stock
8719,Napoleon and Samantha,7256,87,3567,2023-08-11,2,unavailable
0746,"Crystal Ball, The",3655,20,8719,2022-11-19,5,in stock
9102,"Brice Man, The (Brice de Nice)",3144,41,1201,2023-05-15,6,in stock
7203,"Vanquished, The (I vinti)",9406,61,6253,2023-06-23,9,out of stock
6390,They Live by Night,5058,97,4572,2023-05-01,1,in stock
4899,Wishful Thinking,4325,22,7242,2023-01-22,1,out of stock
9492,Lone Wolf and Cub: Sword of Vengeance (Kozure Ôkami: Kowokashi udekashi tsukamatsuru),2834,08,0980,2023-04-22,9,in stock
4542,Melancholia,7485,30,5474,2023-05-13,0,in stock
6125,The Grump,2036,18,3154,2022-12-12,3,out of stock
5925,And So It Goes,0254,12,8289,2023-05-03,0,in stock
2441,Paz!,0250,76,7723,2022-12-18,9,available
8382,"Rocker, The",2698,97,3935,2023-04-19,7,in stock
9683,Frankie and Johnny,5524,23,4005,2023-10-03,7,available
8372,Wicked Blood,3867,03,0189,2023-08-15,2,available
5214,Adventures of Captain Marvel,6657,70,4043,2023-09-19,4,in stock
9834,Tideland,9209,83,8937,2023-04-21,9,unavailable
9549,"Hound of the Baskervilles, The",6724,91,3426,2023-03-02,6,available
0382,"Rainmaker, The",3511,73,4978,2022-10-28,1,in stock
3510,The Oscar,0406,32,2963,2023-02-12,9,out of stock
5557,Killer Movie,7825,03,2705,2023-05-31,1,in stock
2461,Vinyan,9674,61,7062,2023-06-26,9,out of stock
0725,Shadow of the Thin Man,8981,12,4769,2023-09-20,8,unavailable
6462,Not Another Not Another Movie,5847,71,6577,2023-04-27,0,in stock
7959,Pursuit to Algiers,4649,87,2750,2023-04-21,2,out of stock
1894,Tango Kabaree,2562,21,9788,2023-09-21,0,in stock
9771,Ride in the Whirlwind,5132,27,7490,2023-07-02,5,unavailable
7602,Mercy,0463,50,8802,2023-07-25,2,available
2752,Spinout,9195,37,9537,2023-08-06,2,unavailable
3448,"Player's Club, The",9180,40,0228,2022-11-22,1,available
2707,LEGO Batman: The Movie - DC Heroes Unite,0098,31,0021,2023-02-08,3,available
2781,Inglorious Bastards (Quel maledetto treno blindato),7070,58,0170,2022-10-17,6,unavailable
1860,Heat and Dust,7766,47,8922,2023-06-28,2,unavailable
4939,"My Son, My Son, What Have Ye Done",1829,60,0301,2023-04-06,5,available
0827,Lovely & Amazing,0567,63,1518,2023-05-23,0,in stock
1315,Wild Geese II,0680,40,2650,2022-10-27,1,unavailable
9493,Into the West,0823,97,7015,2023-02-23,4,in stock
4361,"Newest Pledge, The",4374,76,0924,2023-06-27,5,out of stock
9947,"Burial Ground (a.k.a. Zombie Horror) (a.k.a. Zombie 3) (Notti del Terrore, Le)",8976,71,5330,2023-07-16,7,unavailable
0784,Steamboat Willie,0514,88,2171,2023-05-29,1,in stock
4924,"Gate II: Trespassers, The",8672,07,3149,2023-01-27,1,unavailable
8060,"Streetcar Named Desire, A",2452,31,4765,2022-11-11,8,out of stock
4718,Mirage,3407,66,5120,2023-08-19,6,in stock
9640,Kramer vs. Kramer,4403,07,1757,2023-02-20,9,unavailable
0882,Oldboy,2801,57,7155,2023-07-06,9,in stock
0329,Hangmen Also Die,0963,01,6691,2023-06-30,0,unavailable
4354,Shanghai Calling,4887,41,3290,2023-09-26,6,out of stock
8628,Bye-Bye Bin Laden,2363,64,4005,2023-01-08,3,in stock
0129,"Liability, The",1907,78,4441,2023-06-21,3,out of stock
0320,In My Skin (Dans ma Peau),2669,98,9253,2023-01-14,1,in stock
8864,Sex in Chains (Geschlecht in Fesseln),5470,81,1683,2023-02-13,8,out of stock
9489,Tenderness,3364,13,9523,2023-01-24,3,out of stock
3927,Allegro non troppo,6728,28,1201,2023-01-05,5,out of stock
1786,On Deadly Ground,2130,84,3251,2023-01-24,4,available
4660,Insignificance,3820,38,2234,2022-12-28,9,available
5351,"Illustrated Man, The",6359,15,7683,2023-03-23,7,unavailable
1645,"Best Intentions, The (Den goda viljan)",7575,57,6321,2023-03-10,7,in stock
6790,Vampire Hunter D: Bloodlust (Banpaia hantâ D),9496,51,5340,2023-03-15,8,available
3815,588 Rue Paradis (Mother),5209,72,6963,2023-01-09,8,unavailable
9619,Woodstock Diary,4247,41,9825,2023-02-20,5,unavailable
9419,Heroes for Sale,2367,53,0520,2022-11-08,0,unavailable
8788,"Age of Stupid, The",3789,79,1184,2022-12-13,3,available
5339,Undercover Man,8769,95,6398,2023-09-22,5,unavailable
5141,Dollman vs. Demonic Toys,7368,45,8020,2023-04-28,1,out of stock
9055,The Burglar,1989,74,5840,2023-04-05,0,unavailable
1842,Body Parts,2540,70,7373,2023-09-01,2,in stock
4609,Sullivan's Travels,7560,04,8962,2023-09-12,8,available
6313,Back in Business,8342,04,0967,2022-12-13,2,in stock
9778,Just a Sigh,7697,48,0961,2023-02-21,5,out of stock
1311,Dead or Alive: Final,9056,60,4997,2022-12-13,1,out of stock
4319,Shanghaied,3802,64,1084,2023-01-16,0,available
6762,Most Likely to Succeed,5222,70,7840,2023-02-15,8,available
9520,Bonhoeffer: Agent of Grace,4907,53,0509,2023-03-24,7,out of stock
8448,"Rain People, The",3224,62,0467,2023-09-01,5,out of stock
8945,"March of the Penguins (Marche de l'empereur, La)",6210,22,7599,2023-04-06,1,in stock
6105,"Endless Summer 2, The",5473,88,4125,2023-03-04,6,unavailable
6997,Carmen Miranda: Bananas Is My Business,4893,55,1970,2023-01-30,1,out of stock
6957,"Maradona, the Hand of God (Maradona, la mano di Dio)",8298,28,4021,2023-07-13,1,out of stock
4398,Tales of Manhattan,4213,29,9204,2022-10-21,9,available
5430,"Consequences of Love, The (Conseguenze dell'amore, Le)",9379,04,4020,2022-10-27,0,available
8165,Long Hello and Short Goodbye,2947,85,2887,2022-11-02,3,in stock
6884,Camp Rock 2: The Final Jam,4822,02,7928,2022-12-26,2,out of stock
5405,Sun Alley (Sonnenallee),1302,04,1148,2023-06-21,9,out of stock
3269,Welcome to the Punch,0627,79,9178,2023-06-10,1,in stock
1957,Intentions of Murder (a.k.a. Murderous Instincts) (Akai satsui),4570,27,3915,2023-09-20,8,unavailable
9876,Earth,4940,42,8285,2023-04-29,0,unavailable
6313,She's So Lovely,8346,58,6190,2023-04-25,4,out of stock
7867,"Glass House, The",8119,04,5367,2022-11-04,7,unavailable
0641,Godzilla (Gojira),5356,12,4069,2023-02-22,3,in stock
4967,Samurai III: Duel on Ganryu Island (a.k.a. Bushido) (Miyamoto Musashi kanketsuhen: kettô Ganryûjima),7653,62,2030,2022-11-30,9,in stock
7660,"Anarchist Cookbook, The",4368,91,4285,2022-10-23,1,available
0294,Far from Home,6989,18,4599,2023-08-29,1,unavailable
4394,Shadow People,5779,74,8320,2022-12-25,8,unavailable
6073,Touch of Pink,1595,12,0784,2023-08-11,0,unavailable
5057,One Point O,4433,38,7913,2023-04-17,4,in stock
8267,"Young Victoria, The",0210,80,6788,2023-06-02,1,unavailable
1658,Cran d'arrêt,1388,24,8359,2023-06-02,7,unavailable
0631,Bananaz,2256,66,3336,2022-11-01,8,unavailable
0384,Peter Ibbetson,0781,58,4721,2023-02-13,1,unavailable
3948,Sanshiro Sugata (Judo Saga) (Sugata Sanshirô),9109,16,3507,2022-11-01,2,out of stock
8008,"Conspiracy, The",1804,78,6946,2022-10-28,2,in stock
6354,Zombie Island Massacre,5812,04,9115,2023-06-25,4,out of stock
8558,"Breach, The (Rupture, La)",4153,90,7339,2023-03-14,1,unavailable
1287,Limbo,6636,51,8046,2023-05-28,4,out of stock
8273,Black Dragons,3602,00,5001,2023-03-21,2,out of stock
0011,"Sunchaser, The",8421,87,6041,2023-07-05,9,unavailable
6734,Luther,1480,40,6890,2022-10-18,8,unavailable
9612,"Good Morning, Miss Dove",6693,50,9807,2023-08-22,8,out of stock
3548,Zero Motivation (Efes beyahasei enosh),9802,50,2399,2023-02-26,8,in stock
6934,Alaska: Spirit of the Wild,3235,80,2712,2023-01-31,0,out of stock
1918,De nieuwe Wildernis,9547,27,2389,2023-02-07,0,in stock
2266,Would You Rather,2177,55,3468,2022-12-15,4,available
4991,Against the Current,3080,25,9672,2023-05-06,5,in stock
8903,Joanna,3797,87,3522,2023-09-03,5,unavailable
2686,Support Your Local Sheriff!,2698,76,5125,2023-05-16,0,available
7925,"Lady of Chance, A",0048,57,2056,2022-10-31,8,available
2963,Eternally Yours,9725,25,3656,2023-08-10,8,unavailable
7263,Momo,3660,77,2013,2023-04-07,3,unavailable
9985,Everything or Nothing: The Untold Story of 007,6786,37,2607,2023-05-02,0,unavailable
6072,Faces of Death 4,9578,13,7076,2023-04-18,8,unavailable
9383,Three Coins in the Fountain,6997,43,0864,2023-06-03,8,in stock
0991,Cats Don't Dance,4540,11,2902,2023-08-15,7,unavailable
8247,"Moustache, La",5769,11,8229,2022-11-03,1,available
3462,"Snows of Kilimanjaro, The",9025,07,8414,2023-09-09,1,unavailable
8823,My Amityville Horror,4339,00,6115,2023-01-03,5,out of stock
7894,Juice,3387,46,1662,2022-11-10,1,available
5915,"Harder They Come, The",8159,96,0102,2023-01-04,2,out of stock
7299,48 Shades,9237,96,3070,2022-12-22,5,in stock
1731,"Passage to India, A",2584,25,8305,2023-03-16,7,out of stock
8957,Killing Words (Palabras encadenadas),8329,72,4517,2023-09-23,1,in stock
0708,Nobody Knows Anybody (Nadie conoce a nadie),2550,94,8992,2022-12-05,8,in stock
6458,"Frozen Ground, The",8469,53,5282,2023-09-17,8,available
6022,Who's Camus Anyway? (Kamyu nante shiranai),8235,45,3355,2022-12-20,1,available
2247,Forever Young,5400,83,7439,2023-05-26,4,out of stock
6462,"Eclisse, L' (Eclipse)",1879,74,3282,2023-01-04,0,unavailable
0046,Raising Cain,3322,05,4127,2022-10-12,1,out of stock
7908,"Acid House, The",6799,32,5057,2023-06-17,5,out of stock
6964,Broken Arrow,5330,55,8958,2022-10-24,8,out of stock
9029,Killer at Large,6714,80,2471,2022-10-06,6,out of stock
9367,Nowhere,4849,73,9912,2023-09-05,6,out of stock
9957,"Me You Them (Eu, Tu, Eles)",7567,96,0542,2023-04-17,2,out of stock
7247,"Invisible Woman, The",8406,70,6865,2023-06-19,8,unavailable
7918,Blind Fury,1631,25,8422,2023-03-22,1,available
0060,Northern Soul,9978,14,7428,2022-10-30,6,in stock
5149,Three O'Clock High,0564,53,5256,2023-06-23,3,out of stock
5423,"Look of Silence, The",4337,58,9079,2023-07-11,0,available
1623,Cube Zero,6719,44,8061,2023-07-20,4,unavailable
6146,Out for a Kill,8349,71,3547,2023-06-14,2,in stock
2760,"Tillman Story, The",8733,01,0912,2023-01-08,6,unavailable
4995,God's Pocket,5161,06,9796,2023-06-06,1,out of stock
5076,And While We Were Here,4970,08,5018,2023-02-05,2,unavailable
8234,"Woman in the Fifth, The (Femme du Vème, La)",2577,58,7313,2022-11-05,9,unavailable
7027,Please Give,6814,29,5405,2022-10-24,4,out of stock
9549,"Spiderwick Chronicles, The",7820,49,8139,2023-03-02,3,in stock
1278,All About Steve,0018,77,0958,2023-08-23,8,out of stock
1403,Tall in the Saddle,5259,69,3064,2023-07-07,1,out of stock
7434,"Skulls, The",5339,02,7954,2022-11-21,4,out of stock
8574,"Music Lovers, The",1558,68,8784,2022-11-06,7,out of stock
6234,Extreme Ops,6821,76,6444,2023-04-13,5,in stock
9006,Yolki 2,9961,30,6620,2023-04-06,5,unavailable
8862,Johnny Be Good,2299,75,4855,2023-04-02,5,out of stock
0991,Cave of Forgotten Dreams,2589,10,2573,2023-07-10,6,in stock
2972,Bananaz,5631,48,9932,2023-06-15,2,in stock
6774,Cyborg 2: Glass Shadow,8722,82,8808,2023-01-21,4,in stock
8180,Me tulemme taas,3616,97,8634,2023-08-19,7,available
2300,Life Back Then (Antoki no inochi),4058,33,5462,2022-11-15,1,out of stock
2452,"Long Riders, The",5484,60,9720,2023-09-18,1,in stock
9732,Payback,3007,62,4958,2023-01-07,8,in stock
6097,More Wild Wild West,2626,60,4044,2023-09-03,2,available
3180,My Joy (Schastye moe),6176,92,9138,2023-04-05,4,unavailable
6148,Breaking Wind,7041,93,2238,2023-02-07,4,available
7339,Inception,0493,62,4557,2023-09-23,2,available
1960,Attack from Space,0987,26,9807,2023-06-05,4,available
4297,Taming the Fire (Ukroshcheniye ognya),1299,62,3340,2023-08-20,6,available
4470,Tom Sawyer,1120,22,8092,2023-06-21,2,in stock
5853,"Star Witness, The",5254,08,3257,2023-06-03,3,out of stock
7827,"Promise, The (Versprechen, Das)",6611,24,0930,2023-05-29,6,in stock
9843,Sixteen Candles,9837,65,2744,2023-06-23,6,unavailable
7253,Curse of Chucky (Child's Play 6),0719,95,2469,2023-01-23,2,out of stock
6737,"For a Good Time, Call...",9895,41,1291,2023-04-07,2,in stock
9855,The Longest Week,6507,07,9546,2023-04-14,4,unavailable
0476,Mr Reliable,7838,42,1182,2023-01-21,7,out of stock
4251,Tenchi: The Samurai Astronomer,1585,92,0540,2023-07-09,0,available
2342,Neverwas,2045,92,8932,2023-08-31,3,out of stock
8484,Polly of the Circus,0119,83,0856,2023-02-19,4,unavailable
3161,Somebody Up There Likes Me,8367,51,5736,2023-04-30,7,available
5978,When in Rome,7749,95,1094,2022-10-20,5,out of stock
9346,Return with Honor,5253,65,5124,2023-01-21,1,available
6681,Beyond All Boundaries,4242,38,7702,2023-07-18,6,unavailable
8840,Creature from Black Lake ,8981,84,1415,2023-04-14,9,unavailable
5625,Forks Over Knives,9570,91,5572,2022-10-30,5,unavailable
6050,Sgt. Bilko,2240,68,0968,2023-02-23,1,available
7595,Stargate,1733,02,5572,2023-04-25,5,available
3332,Housebound,6441,75,9676,2023-08-16,5,out of stock
4489,"Brady Bunch Movie, The",3832,74,4820,2022-11-12,7,out of stock
5217,Home Movie,8019,95,8656,2022-10-11,2,unavailable
7095,"Big Tease, The",8896,79,2987,2022-11-10,7,in stock
0000,Mei and the Kittenbus,4590,50,1435,2023-08-10,7,unavailable
0054,"Shiver of the Vampires, The (Frisson des vampires, Le)",6419,23,0867,2023-02-15,1,unavailable
3833,Route Irish,8346,77,4531,2023-05-04,2,unavailable
4638,C.S.A.: The Confederate States of America,1544,20,5164,2023-01-02,8,in stock
9299,Mr. & Mrs. Bridge,3809,15,0749,2023-08-15,0,in stock
7129,LOL,5234,51,5276,2023-03-29,0,in stock
8494,"Night, The (Notte, La)",4526,20,1421,2023-04-09,7,out of stock
2859,Identification Marks: None (Rysopis) ,9702,08,1025,2023-07-21,2,unavailable
8945,Time Tracers,5556,97,8061,2023-08-31,5,in stock
5990,Kummeli V,6279,55,6398,2022-12-21,9,available
0601,War Dance,3933,85,4316,2022-10-29,8,unavailable
4900,"Oil, the Baby and the Transylvanians, The (Pruncul, petrolul si Ardelenii)",2192,16,2174,2022-10-05,1,unavailable
4380,"Message from Akira Kurosawa: For Beautiful Movies, A (Kurosawa Akira kara no messêji: Utsukushii eiga o)",2909,12,6013,2022-12-07,0,available
2124,Devil's Doorway,0973,97,7891,2023-04-21,0,available
6662,"Addams Family, The",2344,29,9923,2023-09-26,8,available
6943,I Confess,8363,92,5351,2022-12-15,3,unavailable
1329,Voices from the List,0791,28,0057,2023-02-25,0,unavailable
6377,"Wild Bees, The (Divoké vcely)",0500,80,4577,2023-05-15,6,unavailable
6468,"Parisienne, La (Une parisienne)",6963,40,0064,2023-06-28,1,out of stock
0880,Public Sex,1386,75,5613,2023-06-24,5,out of stock
4627,"Stationmaster Is on Fire - The Movie, That Is!, The (Stinsen brinner... filmen alltså)",2000,85,5421,2023-02-06,7,out of stock
0274,"Strange Case of Dr. Jekyll and Miss Osbourne, The (Dr. Jekyll and His Women) (Docteur Jekyll et les femmes)",5689,63,9399,2023-01-26,4,in stock
1967,Hello Mary Lou: Prom Night II,4716,33,3202,2023-08-02,1,unavailable
9964,Shatter Dead,5472,47,4929,2023-09-16,9,unavailable
2023,Solomon Kane,3833,13,8281,2023-08-30,2,available
7630,Defenseless,1217,37,7368,2023-07-24,5,out of stock
3351,White Sands,8255,73,3404,2022-11-11,9,out of stock
0129,"Ernest Film Festival, The",4089,01,5894,2022-11-21,3,in stock
3829,Boiling Point,7180,58,5798,2023-02-22,6,out of stock
8884,Silentium,8764,72,6679,2023-09-06,6,out of stock
2677,Hide Your Smiling Faces,4631,44,6655,2023-03-23,1,out of stock
5375,MacGruber,2084,89,3343,2023-02-26,4,out of stock
1475,Wheels on Meals (Kuai can che),4284,84,4643,2023-01-05,6,available
1395,"Cave, The",5104,71,9739,2023-05-15,6,out of stock
8606,21 Hours at Munich,8142,06,1960,2023-06-21,3,out of stock
7360,So Dear to My Heart,4746,56,1180,2022-11-27,7,out of stock
6438,Being Cyrus,5340,55,1450,2023-06-30,7,in stock
1755,"Girl From Paris, A (hirondelle a fait le printemps, Une)",0598,32,5803,2023-01-09,2,unavailable
0547,Iceman,0045,59,2694,2023-03-13,9,out of stock
1580,Radio Flyer,3787,03,8418,2023-07-08,2,unavailable
8318,"Affair of the Heart, An",8637,31,8688,2023-09-04,5,out of stock
6247,"Dalton, Les",4505,46,9508,2022-12-28,6,available
0229,History Is Made at Night,8812,52,5534,2022-12-01,0,unavailable
8246,"Dispatch from Reuter's, A",2442,91,1300,2023-06-24,0,out of stock
1598,Reclaim,2108,45,4258,2022-11-24,7,available
2646,Los Marziano,1779,25,7444,2023-01-05,9,available
3938,Surviving Desire,2791,92,8208,2023-08-10,3,available
5950,Tribes,9963,02,3278,2023-05-28,6,in stock
7271,Honeydripper,9400,27,1375,2022-12-16,7,unavailable
3805,If I Were You,1639,57,4042,2023-04-04,0,out of stock
1280,Charm's Incidents (Charms Zwischenfälle),8313,47,2759,2023-01-18,4,unavailable
2466,"Hitman, The",8566,37,2323,2023-09-30,9,in stock
0513,Tomcats,1646,71,4809,2023-05-20,6,available
6942,Samurai (Samourais),4626,77,0049,2023-07-02,6,unavailable
9478,War of the Worlds,5456,08,7635,2023-02-28,7,out of stock
8116,Tap,5334,64,6427,2023-05-17,9,unavailable
4341,"Leo's Room (Cuarto de Leo, El)",0627,39,4211,2023-05-27,1,out of stock
1639,Skenbart: En film om tåg,4658,96,2141,2022-10-31,1,in stock
5484,Gods and Monsters,4319,90,6041,2023-09-27,4,available
8842,Who Killed Bambi? (Qui a tué Bambi?),8534,66,4167,2023-07-15,2,out of stock
2678,The Circle,0374,67,6391,2023-06-28,4,unavailable
4027,Pittsburgh,8723,97,0294,2023-07-26,1,unavailable
4834,Rio Sex Comedy,3889,76,7157,2022-12-01,3,unavailable
2616,"Think Fast, Mr. Moto",2663,91,9869,2022-10-18,6,out of stock
6533,Disclosure,7998,32,6057,2022-10-16,4,unavailable
0039,What About Dick?,5574,40,2816,2023-09-30,0,out of stock
2602,Tarzan,6198,55,9032,2023-01-23,2,in stock
5002,"Red Bear, A (Un oso rojo)",0978,60,3115,2022-11-21,2,unavailable
5346,Fortress,6914,21,6612,2023-08-15,7,out of stock
4815,Hairspray,6307,95,4734,2023-08-26,1,available
9641,"Deeper Shade of Blue, A",0459,37,2726,2022-10-19,4,out of stock
5198,"Velocity of Gary, The",7648,26,7457,2023-01-20,5,available
1927,Small Wonders,3553,39,1182,2022-10-29,8,unavailable
8552,Girl of Finland (Lapualaismorsian),2152,34,3264,2023-09-13,0,unavailable
4972,"Edukators, The (Die Fetten Jahre sind vorbei)",2471,84,1139,2023-01-12,7,available
0917,"Big Hit, The",5771,38,3613,2023-10-03,7,unavailable
4542,"Silver Stallion (Silver Brumpy, The)",3518,79,5854,2023-08-08,7,unavailable
7255,"Silent Night, Deadly Night",8562,66,6388,2022-10-26,8,unavailable
4153,"Anarchist Cookbook, The",1532,88,0049,2022-12-20,2,in stock
7326,Eyes of Laura Mars,2827,59,9702,2022-10-27,0,out of stock
3885,Mentor,8965,22,3246,2022-11-15,4,out of stock
1727,Chicago Overcoat,4632,68,3330,2023-08-02,5,unavailable
8804,"Sword and the Dragon, The (Ilya Muromets)",5180,02,0096,2023-07-28,7,in stock
2315,Zeus and Roxanne,7099,60,2550,2023-07-05,4,unavailable
0611,"McCullochs, The",3017,52,3050,2023-05-12,8,unavailable
0960,Rock-a-Bye Baby,1947,43,9451,2023-09-23,2,out of stock
8243,Beats Being Dead (Dreileben - Etwas Besseres als den Tod),7839,03,1318,2022-10-08,5,in stock
3298,Lettera Amorosa,9163,97,3967,2023-05-10,0,in stock
2369,"Better Tomorrow III: Love and Death in Saigon, A",9267,72,5465,2022-12-01,9,out of stock
1103,"Love, etc.",0411,64,8552,2022-12-25,4,in stock
4510,Rampart,4177,61,2990,2023-08-30,0,in stock
5325,America: Imagine the World Without Her,1135,60,9406,2023-01-04,3,unavailable
7384,Dog Tags,5895,82,9377,2023-08-25,3,out of stock
5948,Athena,2495,26,8404,2023-07-05,4,out of stock
5183,American Addict,9775,65,6674,2023-07-19,7,unavailable
2459,Five Graves to Cairo,7121,81,4789,2022-11-01,2,available
7459,"Matter of Taste, A (Affaire de Goût, Une)",9067,23,5342,2023-07-01,8,out of stock
4191,Date Night,3125,91,4902,2023-02-23,5,unavailable
9665,"Sixth Sense, The",8444,22,9275,2023-09-25,2,unavailable
1515,Rat King,9456,69,2330,2023-02-21,2,available
0312,Elf,7564,37,5605,2023-03-09,5,available
9695,Miracle in Milan (Miracolo a Milano),6785,42,1585,2023-04-01,7,in stock
9930,Feds,5395,72,1419,2023-04-20,7,out of stock
1699,Rusty Knife (Sabita naifu),9159,11,2689,2023-03-25,4,available
0765,"Italian Job, The",6629,46,3418,2023-01-06,6,unavailable
7078,New Orleans Uncensored,7391,47,1577,2022-12-31,4,unavailable
3049,Human Desire,7256,44,2631,2023-10-02,6,unavailable
7855,Funny People,7922,47,5172,2023-01-18,4,in stock
3713,Platoon,8628,97,4555,2023-09-07,6,unavailable
9837,Barbed Wire,5634,88,8347,2023-07-04,0,in stock
6890,See How They Fall (Regarde les hommes tomber),5583,69,1729,2023-03-10,0,out of stock
5437,Public Sex,1156,43,7637,2022-11-09,1,out of stock
2186,Griffin & Phoenix,3703,12,1274,2023-04-21,0,unavailable
3488,The Hire: Hostage,1244,39,0175,2023-01-05,2,available
8998,That's Black Entertainment,3485,32,6174,2022-10-23,7,out of stock
5185,"Hawaiians, The",0988,85,2874,2023-05-30,4,available
4811,The Fighting 69th,4151,90,2075,2023-07-30,1,in stock
6916,Young & Wild (Joven y alocada),7506,57,7332,2023-01-29,4,in stock
5054,The Voices,6093,15,9527,2022-12-16,9,out of stock
3555,Gimme the Loot,8441,99,6122,2023-06-14,7,in stock
5642,Easy Virtue,3909,95,7022,2022-10-16,5,in stock
1991,Kamikaze,3676,25,4731,2023-05-13,3,available
1029,Burden of Dreams,1345,63,5103,2023-05-25,4,out of stock
4275,"Castle of the Living Dead (Castello Dei Morti Vivi, Il)",1128,16,0655,2022-10-08,8,out of stock
3975,Avatar,4525,59,8087,2023-06-07,6,unavailable
1620,"Sin of Harold Diddlebock, The",0944,51,6445,2023-05-15,8,available
6176,Mr. Moto's Gamble,2235,90,9522,2022-12-16,4,in stock
5143,"Samouraï, Le (Godson, The)",0743,98,4500,2023-07-04,1,in stock
4582,Journey to the Sun (Günese yolculuk),6021,30,2867,2022-10-21,5,unavailable
6625,Counsellor at Law,5005,79,6158,2023-01-20,3,unavailable
6531,High School Confidential!,6666,63,8116,2023-05-31,2,available
8048,Toute la mémoire du monde,8607,01,8607,2023-05-12,7,unavailable
1752,"Bon Cop, Bad Cop",8520,88,8447,2023-02-13,5,out of stock
7728,"Game Plan, The",8740,36,8515,2023-04-29,8,out of stock
7253,"Ashes, The (Popioly)",8952,18,9518,2023-07-19,3,available
0782,BBOY for LIFE,7485,81,5514,2023-08-21,1,available
3452,Background to Danger,0760,97,4988,2022-12-02,2,in stock
8127,Bottle Shock,1559,69,6024,2023-03-01,1,in stock
9677,"Black Waters of Echo's Pond, The",8345,08,1125,2023-03-03,9,out of stock
9751,Love Hina Spring Special,4516,22,0923,2022-10-11,5,in stock
4135,Bummer (Bumer),7734,56,7135,2022-10-17,9,unavailable
4175,Earth (Tierra),9172,49,2716,2023-08-12,6,in stock
7958,Unfinished Song (Song for Marion),3656,78,2781,2023-02-28,7,out of stock
5365,Six of a Kind,2895,28,3849,2023-09-03,2,unavailable
6772,Daria: Is It Fall Yet?,8294,59,9003,2023-08-02,4,in stock
1330,Exiles (Exils),4388,28,6243,2023-05-20,4,unavailable
9939,In My Father's Den,8775,54,2046,2023-07-29,9,available
9153,Comrades,7741,72,8746,2022-12-24,0,available
8124,"Thick as Thieves (a.k.a. Code, The)",4380,11,8306,2023-06-27,8,available
7888,Cheech and Chong's Animated Movie,4934,65,3966,2023-01-26,1,in stock
4615,Colt Comrades,6524,11,1252,2023-03-07,1,in stock
7548,Harriet the Spy,9283,95,5320,2023-02-16,6,out of stock
7755,Skin Deep,9291,09,2503,2022-11-20,8,out of stock
7884,Look What's Happened to Rosemary's Baby (a.k.a. Rosemary's Baby II),6891,94,2648,2023-03-05,7,in stock
8879,Orphans of the Storm,5337,00,3064,2023-09-09,2,unavailable
7227,Spiritual Kung Fu (Quan jing),4157,75,9492,2023-02-23,6,unavailable
1427,Fat Kid Rules the World,8289,37,0069,2023-10-03,7,in stock
9884,Stars in My Crown,5751,27,9844,2023-09-02,8,out of stock
2977,Dead Birds,0716,36,4842,2022-11-30,2,in stock
4308,Our Children (À perdre la raison),0971,74,1968,2023-04-13,6,unavailable
9560,Special Forces (Forces spéciales),7213,03,6972,2023-02-07,8,available
2641,Mother Carey's Chickens,0437,30,2029,2023-05-19,3,out of stock
8708,THX 1138,4825,95,1543,2023-04-14,8,in stock
7866,"Tall Target, The",6784,24,5189,2022-10-12,7,in stock
3227,Hidden (a.k.a. Cache) (Caché),5990,34,4040,2023-02-01,5,out of stock
5456,Muck,8549,83,8028,2023-05-15,2,unavailable
5069,Gladiator,9640,82,4764,2023-01-30,7,unavailable
7763,Ernest Rides Again,2500,10,7495,2023-05-22,6,out of stock
8397,Kindergarten Cop,5654,16,8274,2023-08-05,8,unavailable
4513,Dumbo,7793,76,7809,2023-04-05,4,out of stock
1645,Running Out of Time (Am zin),4123,86,6207,2023-04-05,7,available
7144,Hell Night,5807,25,6721,2023-08-31,6,available
1838,"Child, The (L'enfant)",7885,03,9365,2022-10-23,1,unavailable
1419,August Rush,6928,84,2781,2023-03-09,5,available
0739,Manon,0546,32,4766,2023-08-23,1,out of stock
2024,42nd Street,1028,99,6258,2023-06-29,6,out of stock
3752,"Acapulco, First Beach... To the Left",4318,98,9221,2023-05-03,9,out of stock
5613,Hellraiser: Deader,1365,31,8525,2022-10-05,0,available
4200,Una Noche,2857,46,8644,2022-10-16,9,unavailable
2694,"Turn of the Screw, The",2641,57,7304,2023-09-10,2,unavailable
8998,New Tale of Zatoichi (Shin Zatôichi monogatari) (Zatôichi 3),1354,19,1520,2023-03-26,3,in stock
2389,City of Ghosts,9020,07,7334,2022-11-26,5,available
5895,Pirates of the Caribbean: Dead Man's Chest,6325,50,4190,2023-09-18,9,in stock
8568,Somebody is Waiting,1495,70,2018,2023-05-31,8,out of stock
1039,"Princess of Montpensier, The (La princesse de Montpensier)",4281,53,3012,2023-01-02,8,in stock
4941,Headless Body in Topless Bar,0384,30,5749,2022-12-24,0,available
0812,Hans Christian Andersen,1284,57,5742,2023-08-16,6,available
4991,Unfair Competition (Concorrenza sleale),5606,76,2176,2023-01-17,7,unavailable
4344,Cass Timberlane,3455,17,2513,2023-07-19,5,available
9325,Samurai Fiction (SF: Episode One),6104,85,4264,2023-04-19,4,out of stock
3625,Beverly Hills Chihuahua 2,5206,81,0482,2023-07-03,2,in stock
1012,"Slingshot, The (Kådisbellan)",5505,04,7240,2022-10-20,1,out of stock
4066,"River Called Titas, A (Titash Ekti Nadir Naam)",8768,23,3925,2022-10-17,4,in stock
2475,Action Jackson,6140,97,9264,2023-04-07,9,available
2684,"Tender Hook, The (Boxer and the Bombshell, The)",4470,28,0464,2023-06-24,6,in stock
4213,"Separation, The (Séparation, La)",0441,37,0299,2022-10-27,5,out of stock
7841,Xtro 3: Watch the Skies,0912,29,9242,2022-12-25,2,in stock
3881,Never on Sunday (Pote tin Kyriaki),3164,98,0233,2023-05-23,6,out of stock
4286,"Dawn Rider, The",0060,26,7460,2022-11-19,1,in stock
4961,Whore,1755,74,5652,2022-10-17,3,unavailable
5848,Boot Camp,5375,10,9007,2023-07-03,4,unavailable
5212,"Ghost of Frankenstein, The",5630,97,8577,2023-02-21,1,unavailable
7345,Hell,8206,37,8266,2023-08-14,4,available
8250,"Crocodile Hunter: Collision Course, The",0154,25,7531,2022-10-30,6,out of stock
4362,"First Beautiful Thing, The (La prima cosa bella)",2696,32,3712,2023-05-01,9,out of stock
7335,"Cosmonaut, The",9972,35,7247,2023-03-18,6,in stock
5516,King of New York,6932,46,4779,2023-07-30,7,in stock
3315,A Spell to Ward Off the Darkness,8460,14,8257,2022-11-29,7,in stock
9308,Radio On,7586,27,7570,2023-07-11,4,unavailable
1824,Yes Or No,2936,61,6709,2022-10-15,5,available
3925,Weird Woman,5331,73,4351,2023-07-20,1,out of stock
9993,"Quest, The",4311,80,9273,2023-01-22,7,in stock
5906,Star!,8022,07,8514,2022-11-17,7,unavailable
9264,"Baytown Outlaws, The",7604,76,5384,2023-01-23,5,unavailable
3196,"Joyriders, The",7376,80,6735,2023-07-12,1,out of stock
8661,Opfergang,1861,00,9658,2022-10-23,4,in stock
4241,Camarón: When Flamenco Became Legend,6613,80,7072,2023-02-08,5,in stock
8200,"Stepdaughter, The",7896,25,4879,2023-05-19,6,available
2562,6954 Kilometriä Kotiin,1927,27,6619,2023-05-25,6,available
1627,W.C. Fields and Me,4118,81,6223,2023-08-27,1,out of stock
4040,Two Queens and One Consort (Twee vorstinnen en een vorst),3539,45,0165,2023-07-05,1,available
2474,"Peacemaker, The",5468,66,7800,2023-02-18,8,in stock
8457,Oki's Movie (Ok-hui-ui yeonghwa),0331,84,1842,2022-12-28,8,available
6971,Search and Destroy,4505,20,8228,2023-04-24,4,unavailable
5135,"Codes of Gender, The",8381,58,9784,2023-01-18,7,out of stock
3494,Moonfleet,4186,12,8635,2022-10-14,3,in stock
2513,Cruel Gun Story (Kenjû zankoku monogatari),9637,46,3999,2022-10-08,5,in stock
2223,"Bedford Incident, The",5953,08,6103,2022-12-09,0,out of stock
3309,Kicking and Screaming,4226,17,6521,2023-07-06,7,available
9124,Children of the Corn: Revelation,1737,46,0351,2023-03-22,1,unavailable
6035,Giorgino,2271,65,6596,2023-05-28,3,available
0603,"King Is Dancing, The (Le roi danse)",0136,98,2162,2023-06-27,0,available
2543,Giants and Toys (Kyojin to gangu),3227,89,9915,2023-04-03,3,in stock
8365,Welcome to Macintosh,0736,04,3412,2023-01-04,3,in stock
1828,"Chaperone, The",7104,20,7070,2023-03-11,8,out of stock
6704,Messiah of Evil,0841,56,5548,2022-12-23,9,out of stock
8580,"Uninvited, The",3144,15,7427,2022-10-12,3,available
3650,Charlie Chan in The Chinese Cat,9789,79,7366,2023-09-23,3,available
2737,"Wackness, The",8148,91,5961,2023-04-26,4,out of stock
9134,Robots,2168,38,9288,2022-12-15,2,in stock
9282,The Police Serve the Citizens?,6752,22,7275,2023-06-09,4,in stock
6824,Family Weekend,9202,13,1193,2022-12-15,9,available
8480,Snoopy Come Home,8364,94,2778,2023-06-01,1,available
5199,"Innocent Sleep, The",3220,43,5294,2023-06-04,2,available
0562,Do We Really Need the Moon?,2990,65,4143,2023-06-15,5,available
2883,"Time Masters (Maîtres du temps, Les)",9344,44,3619,2023-05-30,1,out of stock
3010,"Color of Friendship, The",4054,75,9307,2023-03-21,4,unavailable
5836,Hour of the Wolf (Vargtimmen),3345,18,9793,2023-06-28,0,in stock
9764,"Caveman's Valentine, The",9106,81,8240,2022-10-15,0,unavailable
1009,School For Scoundrels,5764,05,5951,2023-01-23,2,in stock
1187,I Am Curious (Blue) (Jag är nyfiken - en film i blått),1002,64,0476,2023-09-18,6,out of stock
7761,Starting Over,0018,73,5154,2023-07-23,4,available
8636,Evil Toons,0808,85,0713,2022-11-23,4,out of stock
8013,Rambo III,9006,17,7120,2022-11-04,3,out of stock
6892,Broken Embraces (Los abrazos rotos),5068,65,1761,2022-11-08,1,available
7319,French Connection II,5351,62,3976,2022-12-16,0,in stock
3964,Carnival of Souls,3438,61,7564,2023-02-18,4,available
8650,Delusion,8473,92,8205,2023-02-02,4,unavailable
4472,"Light at the Edge of the World, The",7401,56,1239,2022-11-16,9,available
1278,"Misadventures of Margaret, The",5022,25,1828,2023-06-07,6,available
0793,In Custody,2370,50,2249,2023-05-01,6,unavailable
7999,The Appointments of Dennis Jennings,2364,53,9223,2022-11-01,1,available
0962,"Clonus Horror, The",1849,05,3645,2022-11-19,6,in stock
4950,Swing,5188,38,2498,2023-08-10,3,available
1841,Born to Race,3058,36,9591,2023-04-13,8,available
2116,Mike's New Car,9563,00,3394,2023-04-13,6,in stock
5959,Peter Pan,5455,89,0652,2023-05-02,0,in stock
5511,Crime at Porta Romana,9666,28,5873,2023-02-27,9,available
9825,A Promise,5623,69,2243,2023-01-18,5,available
4106,"Hand of Death, The (Shao Lin men)",6206,55,0114,2023-01-01,2,available
7115,Fear City,2562,44,0580,2023-09-08,6,unavailable
1153,"Fistful of Fingers, A",8843,29,4781,2023-04-17,3,out of stock
0912,Manny & Lo,1404,88,5438,2023-05-03,2,in stock
3980,Roxanne,2756,32,7415,2022-12-11,3,unavailable
3882,"Talented Mr. Ripley, The",8858,78,3462,2023-09-16,5,available
5933,Scenic Route,4186,61,1287,2023-07-20,1,available
1673,Things We Lost in the Fire,1247,02,8098,2023-06-10,7,out of stock
1436,Frontrunners,4486,95,7701,2022-11-11,7,in stock
4894,Feet First,9287,73,1754,2023-01-14,0,in stock
4936,"Way, The",9627,90,8406,2023-06-01,4,available
1207,Plastic Bag,3312,38,2886,2022-11-26,9,available
7079,"Dudesons Movie, The",7551,16,7546,2022-12-14,8,available
7554,"Professional, The (Le professionnel)",2455,39,7232,2023-03-11,5,available
7051,At the River I Stand,5659,64,3607,2022-12-19,3,in stock
2582,Dark Ride,7236,96,3791,2023-04-07,1,available
9595,Jauja,9896,36,3866,2023-05-02,7,in stock
8799,You're Next,1487,91,7807,2023-06-24,9,unavailable
1951,Times and Winds (Bes vakit),7090,51,0509,2023-07-20,7,in stock
9293,Two Bits,7007,06,2560,2022-12-10,8,out of stock
5981,Conquest of Space,0645,16,1634,2023-08-19,7,unavailable
5146,The Sea Chase,7810,21,7650,2023-02-27,8,out of stock
6645,Driving Lessons,2015,82,3309,2023-07-28,5,unavailable
2333,Legend of the Black Scorpion (a.k.a. The Banquet) (Ye yan),6499,55,8597,2023-08-29,1,out of stock
8534,Eila,8033,60,6814,2022-12-20,8,unavailable
9996,Death Warrant,3799,85,0641,2023-09-21,1,in stock
3654,Wuthering Heights,2774,87,6550,2022-10-13,8,unavailable
1765,"Student, The (El estudiante)",0752,18,1805,2023-10-02,2,in stock
3776,Wu yen,6523,81,0539,2023-01-13,4,out of stock
3489,Kajaki,7953,74,0228,2023-06-27,5,available
9388,Paris Belongs to Us (Paris nous appartient),7905,84,7021,2023-04-01,2,unavailable
6969,Tokio Baby,2044,40,2599,2023-01-24,8,out of stock
6581,South Park: Imaginationland,9350,41,1574,2023-05-16,4,available
8707,"Neon Bible, The",0780,62,7203,2023-07-20,5,in stock
6673,Chasing Papi (a.k.a. Papi Chulo),5780,91,3949,2023-02-07,3,available
7048,To Encourage the Others,0894,32,2557,2022-12-15,8,available
3932,Day of the Dead,2148,09,2275,2023-07-15,3,available
9965,Palms (Ladoni),1473,78,6534,2023-06-25,9,unavailable
4013,Headfirst,8144,98,3315,2023-01-29,2,out of stock
9655,Spooner,8589,74,2322,2022-10-30,3,in stock
7003,Rampo (a.k.a. The Mystery of Rampo),2336,18,0003,2023-02-20,4,available
2128,Doug's 1st Movie,2877,73,6483,2023-04-30,6,out of stock
0095,"New One-Armed Swordsman, The (Xin du bi dao)",8289,10,6250,2023-03-12,1,in stock
1022,Comic Book Villains,7580,72,6651,2022-10-21,6,out of stock
8780,Ghosts of Girlfriends Past,5894,97,5265,2023-04-28,7,unavailable
3859,Deathstalker,4003,35,5302,2023-09-14,8,out of stock
6298,Leprechaun 3,1354,33,4454,2023-01-01,6,in stock
5101,Appleseed Alpha,4146,35,2493,2023-04-03,9,in stock
6781,Heist,0295,31,2981,2023-02-22,6,unavailable
9409,Sacco and Vanzetti (Sacco e Vanzetti),5558,95,2369,2023-07-28,4,out of stock
2143,Het Vonnis,1636,45,7040,2023-02-15,3,available
3110,Howling III: The Marsupials,7741,46,1091,2022-12-29,0,out of stock
4282,Persuasion,2695,55,8374,2023-03-27,0,out of stock
9088,"Quiet Earth, The",0876,16,2959,2023-04-11,8,in stock
3619,Taxi for Tobruk,7007,23,1966,2022-11-05,5,in stock
0698,"Secret of the Grain, The (La graine et le mulet)",4751,50,8472,2023-01-09,7,unavailable
2868,"Puppet Masters, The",5690,19,2596,2023-09-16,8,in stock
0122,Freedomfighters (Libertarias),2935,78,1214,2023-05-10,7,in stock
8166,Broadway Rhythm,8420,37,7856,2023-08-26,1,out of stock
2437,"Sign of the Cross, The",5377,96,0831,2023-09-03,2,available
7367,Jennifer's Body,4764,00,8370,2023-08-02,2,available
8975,Women on the Verge of a Nervous Breakdown (Mujeres al borde de un ataque de nervios),7701,96,4028,2023-01-21,8,available
8027,In Two Minds,6970,42,3296,2023-02-02,2,available
9201,101 Dalmatians (One Hundred and One Dalmatians),7621,10,8283,2023-07-18,6,out of stock
9156,Souls for Sale,1446,30,4578,2023-02-04,8,unavailable
3119,Oranges,2109,36,9846,2023-09-05,8,available
3256,Winchester '73,3208,74,6949,2023-08-04,1,available
7333,Sometimes They Come Back... for More,6150,18,6894,2022-12-07,5,unavailable
2773,Transformers: Dark of the Moon,0982,93,2501,2023-04-03,9,available
4070,God Save the King,0091,05,2407,2022-12-23,5,unavailable
3859,"Householder, The (Gharbar)",0552,61,7545,2023-09-21,9,available
8606,Blood Trails ,2626,79,2489,2022-10-29,1,unavailable
1901,Beloved/Friend (a.k.a. Amigo/Amado) (Amic/Amat),2538,03,4439,2022-12-10,4,in stock
1971,Back to the Future Part II,9475,97,0160,2023-03-11,0,out of stock
8981,Morgan!,6573,49,7522,2023-04-03,9,in stock
1036,Resident Evil: Apocalypse,8070,62,8200,2023-02-07,1,out of stock
3898,"Million to Juan, A",2897,65,2639,2023-03-20,1,in stock
0418,Hallåhallå,9689,68,7098,2022-11-05,8,out of stock
5341,"Brass Teapot, The",9457,37,1408,2023-08-19,4,unavailable
6802,Our Vines Have Tender Grapes,9244,33,2513,2022-11-14,4,unavailable
3899,Diggers,3390,02,9985,2022-11-11,7,available
0195,Liam,4684,62,1987,2023-02-28,8,in stock
7632,Braddock: Missing in Action III,4687,43,1354,2023-02-08,2,unavailable
2369,Kurt Cobain: Montage of Heck,0399,92,4413,2023-04-20,1,in stock
1379,Part of the Weekend Never Dies,0148,89,2462,2023-09-25,8,available
3820,Elvis,2821,78,9842,2023-09-22,5,available
6206,"Marine Story, A",8040,13,3600,2023-01-26,9,out of stock
4306,"Presidio, The",6282,20,8968,2023-03-25,9,out of stock
0484,"Grand Amour, Le",1270,19,9377,2022-12-14,4,out of stock
4974,Gorky Park,5990,73,4336,2023-10-02,5,out of stock
0534,"Thing, The",1617,61,7155,2022-11-03,6,in stock
7863,"Long, Hot Summer, The",2057,99,0668,2023-09-12,2,available
1306,"Thin Man Goes Home, The",4995,01,7818,2022-11-12,5,in stock
7120,Blessed Event,4163,53,2336,2023-02-16,8,in stock
7339,Maid of Salem,3827,27,8641,2023-07-03,4,in stock
5872,Grass: A Nation's Battle for Life,4856,31,4517,2023-03-31,2,out of stock
1339,World on a Wire (Welt am Draht),9921,03,9115,2023-06-29,4,available
2854,Harper Valley P.T.A.,8630,71,2596,2023-04-10,0,out of stock
2247,Drömkåken,4676,23,0190,2023-06-27,0,available
7628,Some Kind of Hero,7076,62,7035,2023-05-15,6,out of stock
5361,Baby's Day Out,0434,04,6931,2023-08-31,7,available
1931,Next of Kin,7308,07,2394,2023-09-03,4,available
9246,Comme un chef,7864,23,6042,2023-07-23,8,out of stock
7900,Nurse Betty,1616,89,4355,2023-03-02,8,out of stock
5176,"Dark Backward, The",0110,30,6690,2022-11-25,0,available
9874,"Lucía, Lucía (Hija del caníbal, La)",6657,82,6228,2023-08-23,0,unavailable
0768,"Apprenticeship of Duddy Kravitz, The",3148,45,4536,2023-04-09,8,out of stock
7559,Magnolia,7169,87,8412,2023-08-15,5,out of stock
2052,Katsastus,4283,98,5036,2023-05-28,6,unavailable
2081,Hillbillys in a Haunted House,3538,74,0919,2023-04-04,4,in stock
6302,Bad 25,9760,13,6436,2023-01-06,6,unavailable
4136,Touch of Pink,1657,93,8222,2023-04-22,5,available
2744,Stockholm East (Stockholm Östra),3356,32,6498,2022-11-15,3,available
5220,Agent Cody Banks 2: Destination London,1957,96,7818,2022-10-29,9,out of stock
1906,Possessed (Besat),5998,35,4620,2023-07-12,6,available
5736,"Great Passage, The (Fune wo amu)",2153,65,6199,2023-04-11,1,in stock
0013,"Feast at Midnight, A",5067,47,4068,2023-03-07,3,unavailable
9215,From Beginning to End (Do Começo ao Fim),4810,74,3734,2023-01-28,9,out of stock
7687,"Unsuspected, The",2702,79,6038,2023-08-26,4,available
3187,B.T.K.,7690,47,6900,2023-03-04,3,out of stock
3921,Who Pulled the Plug? (Göta kanal eller Vem drog ur proppen?),0573,39,8609,2023-01-03,1,out of stock
2704,Lacombe Lucien,9543,29,2071,2023-03-07,9,unavailable
8571,"Country Bears, The",6570,88,3699,2023-03-19,7,unavailable
1020,"Midnight Clear, A",5985,40,5323,2023-03-19,6,available
9514,Shaolin Wooden Men (Shao Lin mu ren xiang),1757,06,6776,2023-08-06,9,in stock
4707,"Steel Trap, The",0794,80,4293,2023-07-11,3,unavailable
0066,First Strike,6311,59,2386,2023-01-26,9,unavailable
9046,"Bad and the Beautiful, The",1106,83,2901,2022-11-01,0,unavailable
2184,Farce of the Penguins,3693,39,0356,2023-03-05,2,unavailable
3818,Quarantine,1195,41,5774,2022-10-31,0,in stock
0531,"African Queen, The",7551,60,9569,2023-09-06,5,unavailable
6425,Atonement,4572,05,8813,2023-07-28,3,unavailable
7042,Bikini Beach,7454,79,7050,2023-07-07,6,out of stock
0578,"Woman in The Septic Tank, The (Ang Babae sa septic tank)",0602,75,7362,2023-07-09,0,out of stock
9312,Feed,9314,57,8511,2022-11-30,4,available
4535,Nurse Betty,1068,44,3518,2023-02-24,7,out of stock
6073,Beloved/Friend (a.k.a. Amigo/Amado) (Amic/Amat),3257,50,9486,2023-06-28,2,available
2905,These Three,6408,56,2859,2023-01-18,2,out of stock
2010,Sidekicks,4074,15,7021,2023-01-31,1,available
6626,Dirty Movie,9221,35,2874,2023-08-20,5,out of stock
1366,"Bleeding, The",6981,79,4927,2023-01-02,8,available
3201,"Queen of Spades, The",4975,60,2556,2022-10-20,0,unavailable
1712,"Asphalt Jungle, The",6827,87,2016,2023-08-27,2,in stock
8975,"Memory of a Killer, The (Zaak Alzheimer, De)",9610,61,2535,2023-08-09,3,unavailable
5158,Homefront,5398,83,3824,2022-11-18,1,available
0747,"King of Fighters, The",9003,87,0998,2022-11-05,4,in stock
5655,"Blood, Guts, Bullets and Octane",8361,66,0368,2022-11-03,3,in stock
4531,Crime of Passion,4241,32,8880,2023-09-22,3,unavailable
0911,Pictures of the Old World (Obrazy starého sveta),1813,28,2664,2022-12-09,5,in stock
8300,Knights of Badassdom,7711,64,2813,2023-01-16,0,available
8533,"King's Speech, The",1315,41,3362,2023-08-29,9,available
1073,Cheech & Chong's The Corsican Brothers,0441,97,3507,2023-09-09,5,unavailable
8127,Species,0967,48,4884,2023-02-11,2,unavailable
9258,Ice Age 4: Continental Drift,5373,60,0534,2023-02-08,1,in stock
7357,Fighting Elegy (Kenka erejii),3973,91,7601,2023-02-15,9,in stock
0982,What the Day Owes the Night,4492,03,3692,2023-09-24,4,unavailable
9622,Anger Management,8361,82,3094,2023-07-11,0,in stock
1055,Luna de Avellaneda,8592,30,0458,2023-10-03,4,in stock
4650,Dolphin Tale,0023,87,6242,2022-11-30,0,unavailable
5944,Camp Hell,3973,34,1759,2023-07-04,6,in stock
9692,"Flintstones, The",5471,53,3408,2023-02-07,4,unavailable
8333,Deep Cover,0809,91,3032,2023-08-11,3,available
1233,Only Angels Have Wings,0039,13,4415,2022-10-07,1,in stock
6224,Mysterious Island,2613,45,8310,2023-03-06,2,available
5614,The Longest Week,4102,63,7003,2023-08-24,4,available
1497,Welcome Mr. Marshall (Bienvenido Mister Marshall),2948,24,5942,2023-03-01,5,available
0319,Dinner Rush,9363,79,3142,2023-03-05,8,unavailable
6510,Running Scared,0680,57,4209,2023-05-26,5,in stock
1141,Stealing Harvard,3161,47,7482,2023-07-22,0,available
1746,Bad Boys,0431,89,1244,2023-03-24,7,out of stock
0446,My Favorite Brunette,8960,67,8002,2023-01-26,1,unavailable
5600,Sleep Dealer,2759,78,1216,2023-06-16,1,available
2390,Another Thin Man,7868,70,3848,2023-04-06,3,unavailable
7861,"Coast Guard, The (Hae anseon)",9361,63,6512,2022-10-29,6,in stock
6711,Shocker,1521,46,1945,2023-05-16,6,available
8939,Barfi!,5907,47,3808,2022-11-11,8,out of stock
0240,"Man from Beyond, The",0844,23,4088,2023-08-06,0,out of stock
6667,Rope,8150,41,3968,2022-12-29,6,available
4598,Rudolph the Red-Nosed Reindeer,8239,61,9900,2023-08-25,7,available
9587,Addams Family Reunion,9566,98,5907,2022-11-18,0,unavailable
1282,"Crawling Eye, The (a.k.a. Trollenberg Terror, The)",3352,69,5309,2023-05-26,6,out of stock
4700,"Shunning, The",5419,93,5365,2022-12-14,2,out of stock
4434,Attila,0046,97,4990,2023-09-22,0,unavailable
1553,"Boss of It All, The (Direktøren for det hele)",5724,05,2336,2023-05-31,4,in stock
5773,Bullitt,7650,15,3798,2023-07-17,5,out of stock
1439,Bloody Mama,2100,84,6636,2023-01-01,4,out of stock
3043,Barton Fink,6334,52,7207,2023-06-20,6,available
6045,Big Business,4999,85,5838,2023-05-27,9,unavailable
5985,"Wall, The (Die Wand)",8936,59,8016,2022-12-28,0,out of stock
4540,Parenthood,9591,13,8676,2023-09-22,9,in stock
6224,Model,3540,45,1410,2023-06-24,2,available
1902,Major Payne,4468,81,0247,2022-10-19,8,out of stock
9626,Spiral,4265,09,0926,2023-07-23,2,in stock
6740,Best Friends,0492,52,8611,2022-12-05,5,out of stock
5854,Guy and Madeline on a Park Bench,7381,78,3028,2022-11-09,0,in stock
9897,First Man Into Space,1415,34,4325,2023-06-02,3,unavailable
6370,"Condemned, The",4863,69,0283,2023-07-08,4,out of stock
0118,Johnny Mnemonic,8760,08,5195,2023-06-14,0,available
4261,"Honor Among Thieves (Adieu l'ami) (Farewell, Friend)",2201,61,2562,2023-05-10,3,out of stock
3634,Robin Hood: Prince of Thieves,5527,07,2002,2023-04-02,5,available
9068,Dead Man Down,6885,75,4480,2023-04-30,8,unavailable
8797,Vasermil,3209,24,5065,2023-05-31,3,in stock
0173,When Night Is Falling,5889,41,8598,2022-11-08,7,in stock
7461,All the Real Girls,2137,87,3470,2023-03-23,7,out of stock
1069,"Bank Job, The",6617,01,9687,2022-10-26,6,available
2976,Avatar,6813,84,6724,2023-09-05,8,unavailable
0263,"Pruitt-Igoe Myth, The",6187,63,7319,2023-05-05,0,available
8351,Dr Money and the Boy with No Penis,2562,37,3989,2023-05-12,2,unavailable
5855,I Accuse,0353,58,6096,2023-01-01,1,in stock
5859,"Bourne Ultimatum, The",5012,45,1548,2023-07-30,4,out of stock
4607,"Incredibly True Adventure of Two Girls in Love, The",4116,92,3436,2022-10-21,8,in stock
9398,Dynamite,9572,89,3775,2022-12-23,5,available
6587,No Way Out,4381,26,4089,2023-05-04,0,unavailable
2859,Imaginaerum,6640,34,9856,2023-07-30,9,unavailable
4452,Birth,8065,89,2645,2023-05-30,8,in stock
8814,"Intruder, The",5048,67,8580,2023-08-25,5,available
0076,Rambo (Rambo 4),4205,45,2899,2023-02-03,9,out of stock
3920,Dangerous Davies: The Last Detective,3519,18,8374,2023-05-18,1,in stock
0987,Star Wars: Episode III - Revenge of the Sith,4133,06,4920,2022-10-19,2,available
1349,Dorm Daze (National Lampoon Presents Dorm Daze),2634,57,8379,2023-05-15,1,unavailable
1377,Beautiful,7630,84,1465,2023-07-16,8,in stock
4861,Adios Carmen,5917,00,5728,2022-11-03,1,unavailable
4798,Cry of the City,2511,02,3301,2022-12-29,2,in stock
3884,"Magnetic Monster, The",5596,52,4212,2023-06-05,8,available
9476,Gettysburg,5894,90,1227,2023-08-30,5,out of stock
0187,"Streetcar Named Desire, A",6015,21,6356,2023-08-29,2,unavailable
1790,Agent Red,6403,23,8537,2023-02-19,5,unavailable
1409,A Run for Your Money,7394,64,0287,2023-04-26,6,out of stock
9730,Arthur,2793,68,0773,2023-03-20,5,in stock
9707,Butch Cassidy and the Sundance Kid,3749,44,8904,2023-01-27,6,unavailable
7176,Zardoz,7799,04,5347,2023-09-22,4,unavailable
4959,Saved!,3262,73,0014,2023-03-30,7,out of stock
5454,Senotaji,4437,61,3367,2023-02-13,4,out of stock
6588,Sophia de Mello Breyner Andresen,5741,45,4644,2023-01-24,3,available
4383,Dillinger Is Dead (Dillinger è morto),2777,57,8470,2023-07-30,1,available
5220,My Flesh My Blood (Moja krew),3350,89,7412,2023-08-21,4,available
8052,"Desperate Hours, The",4685,90,7674,2023-05-27,1,unavailable
4954,Merchants of Doubt,7608,63,5803,2023-04-10,0,out of stock
5004,Watership Down,0611,01,7726,2023-07-13,1,in stock
1133,Go for It,3958,81,7254,2023-03-12,1,out of stock
3116,Road Trip: Beer Pong,1969,39,2817,2023-07-13,6,in stock
8772,"South, The (Sur)",7990,35,3179,2023-05-17,4,in stock
1247,Lupin the Third: The Secret of Mamo,7816,76,4626,2022-12-31,5,unavailable
3183,Red Riding: 1974,2781,05,5220,2023-07-08,5,unavailable
7865,Chinese Odyssey 2002 (Tian xia wu shuang),0254,91,1701,2023-09-10,8,out of stock
1049,"Dexter the Dragon & Bumble the Bear (a.k.a. Dragon That Wasn't (Or Was He?), The) (Als je begrijpt wat ik bedoel)",2587,89,2949,2023-05-30,9,available
4423,What Will You Do When You Catch Me? (Co mi zrobisz jak mnie zlapiesz?),4401,41,5140,2023-07-24,6,in stock
3274,Revolt in the Fifth Dimension,7587,21,1466,2023-03-23,0,out of stock
2646,Send a Bullet (Manda Bala),9967,15,5703,2023-04-10,4,in stock
6191,"Glass Agency, The (Ajans-E Shisheh-I)",2281,17,1862,2023-01-07,1,available
1359,"Swindle, The (Bidone, Il)",3517,93,7135,2023-01-16,4,unavailable
8379,"Cremator, The (Spalovac mrtvol)",1354,77,3600,2023-10-03,9,unavailable
4010,Colt 38 Special Squad,3552,72,1869,2023-07-13,2,available
6511,Drei Stunden,1064,04,7826,2022-11-24,2,in stock
4032,"Occupants, The",3287,44,6308,2023-02-23,9,unavailable
7553,Strul,5603,21,8434,2023-02-14,4,in stock
4730,"American in Paris, An",8835,23,3443,2023-04-17,6,out of stock
8714,Maximum Overdrive,4549,20,5515,2023-01-30,4,available
2250,"Virgin Spring, The (Jungfrukällan)",7693,96,7348,2023-09-17,8,unavailable
2210,Scott Walker: 30 Century Man,9467,02,3404,2022-12-31,7,in stock
5051,Hot Lead and Cold Feet,5030,96,0480,2023-08-11,3,available
3714,Queen of Hearts,4856,25,6351,2023-09-16,6,unavailable
3264,Barbie: A Perfect Christmas,6177,44,4831,2023-01-30,1,out of stock
1006,Fright Night Part II,4900,70,6554,2023-08-28,1,out of stock
0723,Private Romeo,9619,99,3847,2022-11-01,4,available
1189,Shadow Man,9973,82,1160,2023-01-09,5,available
6810,Beneath the Rooftops of Paris (Sous les toits de Paris),5358,76,0510,2023-07-23,6,in stock
7180,Madame Tutli-Putli,2175,22,2847,2022-10-25,9,out of stock
7271,"Day After Trinity, The",1311,03,9661,2023-10-01,1,available
9026,Lost in Austen,6701,46,7426,2023-04-19,2,in stock
4162,"Life and Times of Judge Roy Bean, The",7250,06,1668,2022-11-20,6,in stock
2773,Ball of Fire,8205,31,3572,2023-03-02,2,unavailable
7705,Hans (Kukkulan kuningas) ,5347,60,5773,2023-08-07,9,unavailable
7754,"Woman Rebels, A (Portrait of a Rebel)",5227,51,6557,2022-10-19,6,unavailable
9230,Laurel Canyon,0404,59,6926,2023-02-24,8,available
3577,Russendisko,5225,55,1848,2023-05-08,6,available
3025,"Invincible Iron Man, The",4457,02,7419,2023-08-02,3,in stock
7420,Pompeii,3235,58,2177,2022-12-15,8,out of stock
6477,Lone Wolf and Cub: Sword of Vengeance (Kozure Ôkami: Kowokashi udekashi tsukamatsuru),6075,27,4961,2023-05-30,8,unavailable
7559,Moonlight Serenade,3785,40,1692,2022-11-15,7,unavailable
0322,Poolsite,3660,79,9150,2023-04-21,6,out of stock
5279,Morgan Stewart's Coming Home,9079,33,0155,2022-12-04,1,unavailable
9355,Questioning Darwin,7492,54,2773,2023-08-05,5,unavailable
9687,Devil's Diary,8043,73,4122,2023-02-27,5,unavailable
2132,Rage,0625,74,7313,2023-06-19,2,available
1507,Club Fed,7171,37,4676,2022-12-13,8,available
4942,Night Train,0307,76,4944,2023-01-12,2,available
7818,"Last Run, The",3082,84,2901,2023-01-06,0,out of stock
5270,"Lie, The",1032,80,3909,2022-12-17,7,unavailable
0198,Next of Kin,4147,64,5971,2023-09-11,1,available
1638,Dying Breed,7465,70,5556,2023-06-08,6,unavailable
8431,Monkey Business,2957,85,2107,2023-08-07,0,unavailable
0873,Plunkett & MaCleane,3496,48,1941,2022-11-23,2,unavailable
9660,Memories of Me,0044,30,8523,2023-06-26,1,out of stock
0068,Whitecoats,3614,02,8632,2022-11-20,7,available
4268,100 Years at the Movies,3637,43,9970,2023-09-10,2,in stock
5365,Losers' Club (Kaybedenler kulübü),5587,55,0260,2023-03-25,5,available
3268,The Devil and the Holy Water,3317,97,8045,2023-06-15,1,available
4263,Modulations,0122,17,2984,2023-04-25,4,out of stock
1022,Medicine for Melancholy,6496,44,1342,2023-01-08,8,out of stock
2528,Bringing Out the Dead,0248,32,8168,2023-09-23,7,out of stock
2731,Folies Bergere de Paris,8627,00,8922,2022-11-15,3,out of stock
6408,"Manta, Manta",9927,24,1644,2023-08-09,6,out of stock
2135,Erendira,9242,16,1053,2022-12-16,6,in stock
8873,"Lovers on the Bridge, The (Amants du Pont-Neuf, Les)",0614,01,3694,2023-01-16,9,out of stock
5997,Frostbitten (Frostbiten),7511,53,0656,2023-06-04,0,unavailable
2389,"Promised Life, The (Vie promise, La)",5026,78,4118,2023-05-08,2,out of stock
3332,Pride,5733,12,1007,2023-07-22,3,in stock
1303,Annie Get Your Gun,7122,91,3112,2023-03-12,3,unavailable
6440,"Girl with the Dragon Tattoo, The (Män som hatar kvinnor)",8385,80,8968,2023-06-19,0,available
0339,"Tribe, The (Plemya)",6108,48,9887,2023-06-18,1,out of stock
3845,"Body, The",2229,30,1518,2023-07-07,9,available
6872,Railroaded!,2744,29,0490,2023-02-15,7,available
3714,Clara and Me (Clara et moi),5486,15,1895,2023-09-20,3,in stock
2034,Tell-Tale,0106,77,9059,2022-11-12,7,available
4665,"Perils of Gwendoline in the Land of the Yik Yak, The",5319,12,2296,2023-02-14,6,unavailable
6655,"Way Ahead, The (a.k.a. The Immortal Battalion)",4745,18,1525,2023-02-28,1,available
6989,"Countess, The",4098,92,5665,2022-10-11,0,unavailable
8736,Hellraiser: Hellseeker,4223,42,2672,2023-03-05,3,unavailable
0439,Admiral,4967,62,0533,2023-03-22,4,unavailable
1141,Back to Bataan,1510,97,1254,2023-03-30,3,out of stock
3259,Art & Copy,9572,24,4357,2023-09-11,4,out of stock
1733,"Year of the Wolf, The (Suden vuosi)",4865,59,3684,2023-09-13,3,out of stock
6970,Rich and Strange,0679,04,4482,2023-04-25,5,out of stock
0847,Grace,1286,73,3398,2023-06-08,6,in stock
5102,"Suicide Shop, The (Le magasin des suicides) ",8400,22,8948,2023-06-07,7,unavailable
2169,Ollie Hopnoodle's Haven of Bliss,8306,72,1091,2022-11-22,9,out of stock
6461,"Idiots, The (Idioterne)",3908,81,5248,2022-12-03,0,in stock
9799,"Reincarnation of Peter Proud, The",2351,14,4597,2022-11-03,1,out of stock
1253,Heaven,4560,52,6048,2023-08-16,5,in stock
4288,"Third Miracle, The",2526,82,6913,2023-07-17,6,out of stock
0447,"Notorious Landlady, The",1919,31,6262,2023-08-01,6,available
4712,"Godzilla, King of the Monsters! (Kaijû-ô Gojira)",4270,42,2696,2023-02-13,5,out of stock
2877,Howl's Moving Castle (Hauru no ugoku shiro),5978,28,4219,2023-02-05,6,in stock
1892,Citizen X,8457,78,2529,2022-10-10,1,unavailable
3104,Gold,7346,05,9736,2023-09-12,4,available
7986,"His Secret Life (a.k.a. Ignorant Fairies, The) (Fate ignoranti, Le)",5863,33,4133,2022-12-06,9,out of stock
5701,Startup.com,7495,10,4123,2023-02-13,2,in stock
8262,"Great Debaters, The",0869,74,9772,2023-04-24,4,in stock
0403,Nausicaä of the Valley of the Wind (Kaze no tani no Naushika),4536,82,2183,2023-01-24,6,out of stock
1450,Time Changer,7893,88,1439,2023-04-05,8,in stock
3549,Two Thousand Maniacs!,7857,90,4527,2023-08-22,3,in stock
7214,"Palm Beach Story, The",1362,88,9156,2023-02-05,6,out of stock
8526,Across the Sea of Time,6914,68,2058,2022-12-08,3,available
9368,Marvin Gaye: What's Going On,5618,64,3779,2023-04-26,5,out of stock
6002,"Oslo, August 31st (Oslo, 31. august)",5180,17,4877,2023-06-18,5,out of stock
1207,Beauty and the Beast,2657,35,8299,2023-03-16,3,unavailable
4426,Saving Mr. Banks,8210,13,9645,2023-02-11,8,in stock
0953,"Hills Have Eyes, The",7505,62,5659,2023-04-08,3,unavailable
6067,Stanley Kubrick: A Life in Pictures,3800,78,4626,2023-07-27,4,unavailable
2787,Up in the Wind,0347,22,3330,2023-04-23,3,out of stock
1657,Daisy Kenyon,4727,78,2244,2023-08-05,0,available
2539,Moonfleet,9697,13,6415,2023-08-25,0,out of stock
8232,"Scalphunters, The",9078,16,1856,2022-11-13,2,available
8475,Firestorm,6526,02,1007,2022-10-21,5,unavailable
4401,"Horseman, The",7632,03,7242,2022-12-30,8,unavailable
9741,Private Lessons,5216,35,3423,2023-09-17,6,in stock
8229,They Made Me a Criminal (I Became a Criminal) (They Made Me a Fugitive),8601,53,3627,2023-06-17,5,unavailable
3893,Rocketship X-M,3187,88,9382,2023-07-29,1,unavailable
8703,Jetsons: The Movie,8665,03,1434,2023-08-27,1,available
3825,An Empress and the Warriors,2314,97,4570,2023-09-10,5,in stock
0674,Madonna's Pig,2126,22,9232,2023-01-01,6,available
3055,Hour of the Gun,4477,60,1898,2023-07-19,6,available
4011,Bigfoot,3784,51,9963,2023-04-09,1,available
0171,Eyjafjallajökull,7908,82,5542,2023-04-09,8,out of stock
6679,Naqoyqatsi,5217,01,8341,2023-05-09,1,unavailable
5658,Dragonheart 2: A New Beginning,5234,68,7262,2022-11-07,6,unavailable
5991,Mystery Science Theater 3000: The Movie,5891,22,2288,2023-05-22,6,unavailable
2207,Clara's Heart,3836,57,0756,2023-03-29,2,unavailable
9810,Gone Fishin',5212,45,3487,2022-11-07,8,out of stock
7546,Bedazzled,5338,47,2114,2023-04-21,0,unavailable
4230,"Tall Man, The",4835,57,6696,2023-09-30,6,out of stock
5266,Hamilton - In the Interest of the Nation,7076,46,2518,2022-11-02,2,unavailable
5595,"Curve, The (Dead Man's Curve)",3153,31,1974,2023-06-13,7,out of stock
0705,Time and Tide (Seunlau Ngaklau),7323,57,1979,2023-06-16,5,out of stock
9933,Detachment,4730,87,3031,2022-12-11,5,in stock
3930,Contagion,7312,26,4792,2023-09-03,4,available
2391,Tales from the Crypt Presents: Demon Knight,9408,90,2293,2023-04-30,6,unavailable
8784,Beatdown,8968,90,9678,2023-04-23,4,unavailable
5206,Owning Mahowny,4592,35,5205,2023-01-10,3,unavailable
0193,Expelled from Paradise,5471,02,2289,2023-02-01,1,available
7161,"Ranma ½: Big Trouble in Nekonron, China (Ranma ½: Chûgoku Nekonron daikessen! Okite yaburi no gekitô hen)",8290,74,3951,2023-02-12,6,out of stock
3753,Funny Face,1588,43,6215,2022-12-22,4,in stock
1239,Shane,9267,46,1295,2023-05-17,9,unavailable
3358,White Christmas,0885,63,6559,2022-11-01,6,in stock
1534,At Berkeley,2039,64,1568,2023-07-17,9,in stock
9689,Chaos,9885,84,6034,2023-01-17,8,available
9632,Burn! (Queimada),8080,09,9416,2023-05-25,5,in stock
3982,"Paralyzing Fear: The Story of Polio in America, A",6609,02,1163,2023-01-15,1,available
3752,Anamorph,1130,06,5310,2023-01-11,8,unavailable
8632,Milarepa,9283,17,8965,2023-08-20,0,out of stock
2335,Annapolis,9350,06,2111,2023-01-09,5,unavailable
8227,Someone I Loved (Je l'aimais),2851,80,2368,2023-05-19,4,out of stock
1921,Death and Cremation,9445,90,4315,2023-02-18,0,available
4253,Big Fat Liar,5758,93,1351,2023-03-03,7,in stock
6839,Les Invisibles,9398,90,8407,2023-05-11,3,available
9380,"Big Knife, The",2136,20,0402,2023-04-22,9,in stock
4593,"Navigator: A Mediaeval Odyssey, The",2616,53,3173,2023-05-11,3,in stock
4762,Sink or Swim,3492,96,1403,2022-11-27,8,available
0390,Amityville II: The Possession,7637,47,4459,2023-03-16,4,out of stock
3924,PressPausePlay,1095,80,0906,2022-11-26,9,available
5165,"Judge, The",8467,07,5022,2022-10-14,9,unavailable
2200,River's Edge,4608,60,7673,2023-03-15,8,unavailable
6368,Casper,7782,32,2186,2022-10-16,5,available
3410,"Laterna, ftoheia kai garyfallo",7482,09,5026,2023-02-15,6,unavailable
6157,Kiss the Bride,9952,73,5669,2023-01-01,5,available
3463,WWII IN HD,3775,15,6350,2023-01-12,7,unavailable
8316,About Time,7461,46,4936,2023-02-19,4,out of stock
1493,Manson,5686,09,7225,2022-10-16,5,in stock
0900,Alice,9172,19,6673,2023-08-04,3,available
9518,Love Potion #9,2970,66,5486,2023-08-18,5,available
2328,Bank Error in Your Favour (Erreur de la banque en votre faveur),2747,63,3144,2023-03-18,8,in stock
0269,"Queen, The",3621,32,4225,2023-09-14,6,unavailable
3007,Someday This Pain Will Be Useful to You,1200,11,2437,2023-08-01,5,out of stock
5125,National Theatre Live: Frankenstein,9849,74,4757,2023-07-16,2,out of stock
1952,Dead Man's Letters (Pisma myortvogo cheloveka),1292,60,4866,2022-11-11,2,unavailable
